<?xml version="1.0" encoding="UTF-8"?>
<project-private xmlns="http://www.netbeans.org/ns/project-private/1">
    <editor-bookmarks xmlns="http://www.netbeans.org/ns/editor-bookmarks/2" lastBookmarkId="0"/>
    <open-files xmlns="http://www.netbeans.org/ns/projectui-open-files/2">
        <group>
            <file>file:/C:/Users/Esperis%20loreheart/Documents/NetBeansProjects/Capstone%20FX/src/com/CapstoneLoginController.java</file>
            <file>file:/C:/Users/Esperis%20loreheart/Documents/NetBeansProjects/Capstone%20FX/src/com/Login.java</file>
            <file>file:/C:/Users/Esperis%20loreheart/Documents/NetBeansProjects/Capstone%20FX/src/com/MainController.java</file>
            <file>file:/C:/Users/Esperis%20loreheart/Documents/NetBeansProjects/Capstone%20FX/src/com/Main.fxml</file>
            <file>file:/C:/Users/Esperis%20loreheart/Documents/NetBeansProjects/Capstone%20FX/src/com/Capstone%20Login.fxml</file>
        </group>
    </open-files>
</project-private>
